DefaultSC.A1ModJulian,DefaultSC.EarthMJ2000Eq.X,DefaultSC.gse.X,DefaultSC.gse.Y,DefaultSC.gse.Z
27724.00004669423,5216.805821720927,-2408.291795409829,4668.974236388103,4949.829311007194
27724.00074113868,5120.025233829704,-2778.790439269575,4427.132556931141,4993.404576148452
27724.00181703278,4931.942471648441,-3331.500488604405,4019.716045053724,5023.441574272301
27724.00297294913,4680.299714255068,-3891.642373735694,3541.696328940288,5005.046381684478
27724.00414221282,4376.492024055619,-4417.238781853315,3020.931920926613,4933.620259015658
27724.00531692291,4024.939677669536,-4898.485248382762,2465.805470646052,4809.49346467354
27724.00649596142,3629.430369967337,-5329.549155631792,1882.53879419085,4633.788900359842
27724.00767893533,3194.102450499319,-5705.485022026656,1277.395792225501,4408.201335206652
27724.00886548403,2723.554896459877,-6021.961315293078,656.9020073904893,4134.99619617067
27724.01005521469,2222.816883433692,-6275.289923008227,27.8011741562658,3816.994841046297
27724.01124768424,1697.301689395046,-6462.474645933572,-603.0120551515927,3457.553478473914
27724.01244245261,1152.723589775983,-6581.264004032842,-1228.600483830904,3060.513847946676
27724.01363902896,595.0562544209237,-6630.176493603161,-1842.038145936563,2630.178087804532
27724.01483691282,30.44523531428596,-6608.531764066265,-2436.515282547984,2171.248767729351
27724.01603559461,-534.8653663740276,-6516.462715713869,-3005.421048104592,1688.774012660511
27724.01723456974,-1094.614259617322,-6354.915838459458,-3542.430383690069,1188.082340489776
27724.01843333134,-1642.594767619295,-6125.641960767949,-4041.577106282514,674.7219949750474
27724.01963139205,-2172.739382012397,-5831.172122720842,-4497.335045506798,154.3852007787132
27724.02082825398,-2679.179357829283,-5474.794069601413,-4904.672775756458,-367.1474217946261
27724.02202349699,-3156.351628566432,-5060.485099596104,-5259.142545153849,-884.1145620023924
27724.02321668505,-3599.023324067909,-4592.887397263614,-5556.897146315775,-1390.802134537726
27724.02440743029,-4002.378248102557,-4077.23002484109,-5794.75298868953,-1881.638186329236
27724.02559537083,-4362.061633795579,-3519.270394945284,-5970.215929846791,-2351.248064039322
27724.02678017568,-4674.229874232907,-2925.221525084874,-6081.507113079419,-2794.518200876815
27724.02796156734,-4935.596274109741,-2301.663983055427,-6127.578850711056,-3206.661701085767
27724.02913931826,-5143.459599248066,-1655.466248624459,-6108.115303378655,-3583.267406414022
27724.03031321702,-5295.722546171057,-993.721669179731,-6023.528607914007,-3920.335490693185
27724.0314830957,-5390.915841708864,-323.6514325283817,-5874.948334007545,-4214.328608230765
27724.03264884342,-5428.206876510313,347.4866683607124,-5664.196611024609,-4462.208752224564
27724.03381037248,-5407.398600909461,1012.460611891463,-5393.763647664466,-4661.456918940272
27724.03496764739,-5328.925265665858,1664.160450456718,-5066.767229304206,-4810.101244482819
27724.03612065335,-5193.840951374878,2295.65734368637,-4686.918442616105,-4906.727233916011
27724.03726941196,-5003.801529399688,2900.286494103486,-4258.471477602361,-4950.49045863403
27724.03841398082,-4761.039264951703,3471.716416477821,-3786.17068884419,-4941.118882161853
27724.0395544627,-4468.328801289676,4004.017354308718,-3275.188786821685,-4878.907957072364
27724.04069098806,-4128.953874385023,4491.710773802834,-2731.072878188331,-4764.710128578533
27724.04182370018,-3746.672598920189,4929.817368878549,-2159.68954316733,-4599.922671388967
27724.04295278568,-3325.663448638696,5313.917472453447,-1567.144690158441,-4386.464009545393
27724.04407847342,-2870.474270199106,5640.18751498904,-959.7155915754689,-4126.74465058247
27724.04520100721,-2385.980674585657,5905.423406792337,-343.7978087646001,-3823.641365824088
27724.04632068471,-1877.315519319401,6107.075324675729,274.1829810292098,-3480.451809549336
27724.04743779012,-1349.84301426821,6243.251832815392,887.8000996276874,-3100.874991645524
27724.0485526792,-809.0633088629373,6312.745128413729,1490.737038836212,-2688.9427221825
27724.04966571618,-260.5843299547811,6315.022674110306,2076.814332875711,-2248.994139507618
27724.05077728321,289.9384411910778,6250.227836917631,2640.053999556285,-1785.627377271944
27724.05188779564,836.8650155065482,6119.169414837022,3174.742848628207,-1303.645330402336
27724.05299768861,1374.618088848803,5923.30512539729,3675.476622294089,-808.0121800084626
27724.05410742752,1897.739616400502,5664.717539273549,4137.211329238975,-303.7999137357797
27724.05521748545,2400.928868400908,5346.091543416936,4555.295391009382,203.849789277057
27724.05632830946,2879.075491472093,4970.698105309698,4925.498809803748,709.757628006136
27724.05744038213,3327.332763697983,4542.343634936658,5244.072395729937,1208.782208613113
27724.0585541771,3741.139829557221,4065.345355185492,5507.762256526866,1695.84614671792
27724.05967014929,4116.259586457162,3544.497669442302,5713.83763157106,2165.977670502543
27724.06078874046,4448.820146873461,2985.028348457091,5860.118747261139,2614.358397549227
27724.0619103823,4735.351323634149,2392.550798953873,5944.997904250199,3036.368378815295
27724.06303545965,4972.809091652845,1773.035013571489,5967.45470149304,3427.615433197288
27724.06416433215,5158.614776119531,1132.745503926582,5927.074668309519,3783.987001834872
27724.06529730338,5290.67968127512,478.2037705440982,5824.061510604355,4101.68235819416
27724.06643464443,5367.436980337747,-183.8833747239835,5659.244381488453,4377.261689558134
27724.06757657747,5387.862521300448,-846.6763656985197,5434.080456423841,4607.680073832225
27724.06872326801,5351.495187405696,-1503.263519974966,5150.654026240676,4790.3236989866
27724.0698748142,5258.454655206145,-2146.723526721875,4811.672129629075,4923.044573574613
27724.07103125374,5109.453856069842,-2770.201508938369,4420.449483862123,5004.195338555588
27724.07219257095,4905.80317625701,-3366.986804910717,3980.883969524766,5032.657958783943
27724.07335868215,4649.411408365093,-3930.580721013549,3497.432393761646,5007.866538532332
27724.07452945426,4342.774238143176,-4454.781808565371,2975.066437327729,4929.82572157865
27724.07570467694,3988.965856681397,-4933.74867271857,2419.240314690908,4799.124332533443
27724.07688410369,3591.60502207632,-5362.09193251224,1835.820329650215,4616.937796865554
27724.07806742646,3154.830712174064,-5734.933258955432,1231.036935943307,4385.027635762079
27724.07925427218,2683.266548785537,-6047.973138995634,611.4215797171986,4105.734691733108
27724.08044426473,2181.949767664529,-6297.567446130177,-16.29754672823424,3781.946567227876
27724.08163696839,1656.299155457648,-6480.762703316034,-645.2427896183892,3417.083123699452
27724.08283190981,1112.047679796039,-6595.348597516037,-1268.478397288721,3015.059040611357
27724.08402861356,555.1608350947675,-6639.89560468406,-1879.111567325883,2580.230012588866
27724.08522657993,-8.223262066213195,-6613.774492404666,-2470.363537463082,2117.350610492737
27724.08642530836,-571.8772829425767,-6517.169597896958,-3035.663427082872,1631.511145599334
27724.08762428172,-1129.551785549716,-6351.081143068,-3568.720593148789,1128.08412701494
27724.08882300944,-1675.070372999904,-6117.310318241955,-4063.620500377247,612.6425023623456
27724.09002099366,-2202.388090089598,-5818.441869579865,-4514.880446676411,90.90672680011585
27724.09121775169,-2705.674412856793,-5457.810159001126,-4917.525371002589,-431.3333547420843
27724.09241283197,-3179.389075548931,-5039.451682194809,-5267.150983299574,-948.2952276085837
27724.09360583718,-3618.353985478448,-4568.042190262066,-5559.976996441268,-1454.282242564172
27724.09479635077,-4017.784631851755,-4048.86550407101,-5792.868949278023,-1943.719272267026
27724.09598402548,-4373.376741223503,-3487.71360893501,-5963.393396255559,-2411.255080957961
27724.09716855149,-4681.338846491773,-2890.824678064267,-6069.829526150808,-2851.8088394827
27724.09834965453,-4938.430749728762,-2264.807734035013,-6111.182104409891,-3260.62569815122
27724.09952708399,-5141.993944088961,-1616.570009651085,-6087.186851724574,-3633.325000938928
27724.10070064753,-5289.982922257189,-953.2163070153679,-5998.306362133401,-3965.958212091493
27724.10187017955,-5380.975564956903,-281.9829261114203,-5845.716576611288,-4255.038831403855
27724.10303557944,-5414.185228831168,389.8669810522781,-5631.280732131699,-4497.586062385308
27724.10419675599,-5389.458257006259,1055.093144232383,-5357.528195364622,-4691.139054469493
27724.1053536551,-5307.272685919526,1706.574165726556,-5027.617378100092,-4833.78695054469
27724.10650629183,-5168.720887930242,2337.40243176378,-4645.281932170532,-4924.185575863509
27724.10765469187,-4975.493538583035,2940.924059657356,-4214.798804664884,-4961.557531768663
27724.10879890827,-4729.856041451018,3510.81856379988,-3740.933486820762,-4945.698913089093
27724.10993904361,-4434.61245916693,4041.174255239384,-3228.873533509022,-4876.974514624061
27724.11107522336,-4093.073932505215,4526.533176076293,-2684.178203825172,-4756.306855986375
27724.11220759751,-3709.018646938328,4961.946033771777,-2112.715374978818,-4585.161539586084
27724.11333636514,-3286.637742045974,5343.027691846773,-1520.583263802957,-4365.521367169582
27724.11446175027,-2830.49318035034,5665.985567556372,-914.0549802174203,-4099.86139926076
27724.11558399767,-2345.46846685002,5927.651836009554,-299.5140446029575,-3791.119408566157
27724.11670340431,-1836.70062646016,6125.515125777897,316.6298903897519,-3442.650952534367
27724.11782028026,-1309.540909453836,6257.727405361543,927.985455282026,-3058.199704083814
27724.11893497166,-769.4883257965515,6323.118723947467,1528.255874990351,-2641.848265674044
27724.12004783767,-222.1439011816191,6321.197909944473,2111.287959845192,-2197.981221782332
27724.12115927427,326.8570423401667,6252.150076146809,2671.143346132318,-1731.229340655813
27724.12226970432,871.8952207039946,6116.823791799601,3202.147355496119,-1246.424512566331
27724.12337956014,1407.412154398852,5916.716979069154,3698.931442817413,-748.5587666780721
27724.1244893094,1927.974011700322,5653.951340078183,4156.491728835975,-242.7241425756852
27724.12559940578,2428.297302314133,5331.256602416341,4570.210495039604,265.9134076242526
27724.12671032466,2903.313135862563,4951.934084344291,4935.911126214832,772.1779907320436
27724.12782253053,3348.197560063177,4519.832656488632,5249.881483824851,1270.916305589902
27724.12893649738,3758.422970218531,4039.305334829928,5508.912558829317,1757.053452519101
27724.1300526798,4129.78693622756,3515.180644287392,5710.318528731086,2225.625722199552
27724.1311715116,4458.451532989368,2952.722258920265,5851.963663553393,2671.825648063769
27724.13229342713,4740.985308132881,2357.572121595227,5932.285912141174,3091.054477384725
27724.13341879578,4974.38001381191,1735.735933094151,5950.30931044403,3478.940642316445
27724.13454798391,5156.099090715565,1093.499093180496,5905.664430150419,3831.406193447045
27724.13568130011,5284.094779876073,437.4011556732535,5798.597100342927,4144.689096568134
27724.13681900511,5356.839311592562,-225.8275815970621,5629.978085560503,4415.389033801057
27724.13796131427,5373.349004820854,-889.3298476977438,5401.305074457286,4640.507559185451
27724.13910839102,5333.203311412592,-1546.183159102342,5114.70002907756,4817.483499219885
27724.14026034242,5236.560330571577,-2189.465880588344,4772.901179353011,4944.226847673624
27724.14141718837,5084.172057967392,-2812.31227320569,4379.25882764597,5019.148918604998
27724.14257891141,4877.38580413771,-3408.01487528983,3937.69884591293,5041.196350653259
27724.14374542308,4618.145649711117,-3970.081576811794,3452.703035680294,5009.870665575833
27724.14491657232,4308.983983488625,-4492.317049914976,2929.269882837219,4925.24751915413
27724.1460921635,3953.000436155457,-4968.906068782493,2372.861182099799,4787.986287194832
27724.14727194158,3553.841304469492,-5394.479398095291,1789.355663103885,4599.334461311037
27724.14845558117,3115.673472947932,-5764.182016061959,1184.995892962844,4361.128290592025
27724.14964273226,2643.129259699819,-6073.754734438335,566.299217301252,4075.774033901008
27724.15083297852,2141.274918071427,-6319.580981744936,-59.99313981071896,3746.237293874686
27724.15202588208,1615.539444060162,-6498.751791556577,-687.016043763206,3376.005861506555
27724.1532209949,1071.647824866376,-6609.106694918555,-1307.866732634822,2969.048449310912
27724.15441782643,515.5700676362507,-6649.262309943844,-1915.669703248466,2529.782297764687
27724.15561586571,-46.55780745074894,-6618.64085159316,-2503.671453109362,2063.017934850705
27724.15681461057,-608.5204598261461,-6517.48101619418,-3065.33687342591,1573.89203518201
27724.15801356277,-1164.095406940569,-6346.835051042141,-3594.42503877304,1067.807646075186
27724.15921220639,-1707.117817641557,-6108.561957141521,-4085.055686060129,550.3791598401858
27724.16041006719,-2231.581634572241,-5805.295690227113,-4531.80515633501,27.3397575743993
27724.16160666654,-2731.690202958466,-5440.420076756986,-4929.750990172754,-495.5079743498923
27724.16280155237,-3201.93890696874,-5018.020295045702,-5274.541963408409,-1012.374935920186
27724.16399431806,-3637.185729033902,-4542.822192507468,-5562.450741415922,-1517.562472320192
27724.16518456621,-4032.695692214665,-4020.145401028039,-5790.403808147344,-2005.513713827611
27724.16637196036,-4384.211577106174,-3455.815373073266,-5956.024188506966,-2470.899363770975
27724.16755617108,-4687.981947829619,-2856.114624527705,-6057.643194751341,-2908.656296996055
27724.16873693568,-4940.817328167074,-2227.677553671635,-6094.321282169283,-3314.067000201481
27724.16991400346,-5140.107219188016,-1577.437598363711,-6065.846562086065,-3682.790514947852
27724.17108719118,-5283.855333402055,-912.5155504643049,-5972.730940391064,-4010.926894584376
27724.17225635238,-5370.687358368959,-240.1524661076248,-5816.193505179555,-4295.045125930288
27724.17342135331,-5399.859788097829,432.3587395777583,-5598.144573734169,-4532.212329781045
27724.17458213372,-5371.264325217237,1097.790120806068,-5321.147087750997,-4720.034706389012
27724.17573864254,-5285.419227026863,1749.021487857782,-4988.391530807783,-4856.664329899547
27724.17689089429,-5143.454726790889,2379.149234035602,-4603.640073331323,-4940.822046239386
27724.17803890736,-4947.098269760005,2981.524991713718,-4171.19652350634,-4971.797932852511
27724.17918274828,-4698.645418015261,3549.849521411357,-3695.840548633725,-4949.457570047673
27724.1803225165,-4400.929296966214,4078.228004645956,-3182.774647185961,-4874.234845604225
27724.18145834034,-4057.285108422915,4561.226687701434,-2637.565368027314,-4747.12113133326
27724.18259038576,-3671.506079579071,4993.928888297696,-2066.075642793005,-4569.647235532745
27724.18371884054,-3247.802817767193,5371.974308969327,-1474.40693706986,-4343.862800582264
27724.18484393755,-2790.7457097175,5691.60592406357,-868.8205270994775,-4072.304230964272
27724.18596592608,-2305.223443744125,5949.691721853376,-255.6852796367938,-3757.967760545409
27724.18708508142,-1796.385876965812,6143.753774029364,358.593966766867,-3404.272033281752
27724.18820173118,-1269.575590779467,6271.988114571002,967.6566726103066,-3015.008498057225
27724.18931621259,-730.2904753547915,6333.265806606399,1565.226823950709,-2594.311123296069
27724.19042890728,-184.1110202824501,6327.139054468118,2145.192649591814,-2146.59887618713
27724.19154020994,363.3405222748113,6253.833983526094,2701.647425299204,-1676.539954757327
27724.19265055408,906.4672625563433,6114.239030553194,3228.956676769033,-1188.993146310889
27724.19376037462,1439.732222531127,5909.891293407446,3721.78990158724,-688.9751020313429
27724.19487012044,1957.715932664796,5642.956477670134,4175.174490605764,-181.6067498267685
27724.19598025649,2455.166656453497,5316.202148541184,4584.539313769885,327.9364152431922
27724.19709126326,2927.046441329079,4932.966173357347,4945.752078598291,834.4721709478863
27724.19820360326,3368.561264160776,4497.134596683491,5255.143225338986,1332.843448840484
27724.19931775438,3775.217575492105,4013.093566157566,5509.548362699713,1817.979988265366
27724.20043416869,4142.845980884181,3485.705437137632,5706.3246203266,2284.925514177266
27724.20155328233,4467.644467852465,2920.263432323786,5843.379903618874,2728.887660810543
27724.20267550359,4746.211375228933,2322.451976160985,5919.193315839165,3145.277724278682
27724.20380121749,4975.581116402443,1698.295477806647,5932.8342450115,3529.756311282807
27724.20493077457,5153.252919350757,1054.111986332397,5883.975812153909,3878.271737454498
27724.2060644734,5277.218322949132,396.4679165859629,5772.907392211312,4187.097064574134
27724.20720258702,5345.9912765818,-267.89607953412,5600.53924240681,4452.878359971659
27724.20834530792,5358.627145414495,-932.0957004108266,5368.411411047729,4672.66013704078
27724.2094928042,5314.746131240896,-1589.201618406689,5078.682198527327,4843.93585062488
27724.21064514988,5214.548903691447,-2232.268738129726,4734.133970483504,4964.670129757164
27724.2118023995,5058.823809108217,-2854.450771854645,4338.138454903651,5033.341000004318
27724.21296452539,4848.954758651083,-3449.038807133775,3894.650873638337,5048.958675525131
27724.2141314354,4586.920075555229,-4009.547844464735,3408.176709732879,5011.092053956352
27724.2153029795,4275.28263227933,-4529.796676241737,2883.731663187994,4919.885955575133
27724.21647894488,3917.174856834939,-5003.981448313969,2326.798483612797,4776.072143607009
27724.21765906706,3516.271764001771,-5426.754296926301,1743.269174379782,4580.972110313643
27724.21884303173,3076.757911524032,-5793.293697806037,1139.383796673319,4336.492245710602
27724.22003047217,2603.288819978392,-6099.369303033327,521.6654211924953,4045.112704924177
27724.22122098564,2100.937663947867,-6341.406069473358,-103.160344738401,3709.863957120917
27724.22241411023,1575.151163606142,-6516.532353740776,-728.2300888872085,3334.305787239025
27724.22360939725,1031.657555062715,-6622.634762072503,-1346.660884238993,2922.469136772383
27724.22480635511,476.4248240847098,-6658.379659028255,-1951.602681655741,2478.828583344471
27724.22600448575,-84.42503041761097,-6623.240336094433,-2536.339648459525,2008.240552987826
27724.22720327219,-644.6829560854464,-6517.508024288814,-3094.365520113846,1515.891795756634
27724.22840221149,-1198.142648093858,-6342.289896018113,-3619.478483651273,1007.225020779538
27724.22960079233,-1738.664876042384,-6099.498963397829,-4105.845916156014,487.8828249467542
27724.23079853923,-2260.271224306221,-5791.823142057077,-4548.092773212804,-36.37906291816716
27724.23199497887,-2757.19995649053,-5422.697156739204,-4941.350662854926,-559.7466287296661
27724.23318967845,-3223.990241863037,-4996.24886707114,-5281.327700386347,-1076.433729445166
27724.2343822055,-3655.529444172248,-4517.260076418013,-5564.344351342157,-1580.733438740451
27724.23557219257,-4047.135805517211,-3991.082075230978,-5787.390284876145,-2067.112649645474
27724.23675929322,-4394.592686056511,-3423.583726328513,-5948.141624704544,-2530.256746832672
27724.23794319062,-4694.198051580745,-2821.076757966348,-6044.98604085403,-2965.133948281506
27724.2391236131,-4942.806987003038,-2190.230889831221,-6077.036664801774,-3367.057124800031
27724.24030033792,-5137.861384253632,-1537.990301850513,-6044.132842800981,-3731.734677163171
27724.24147316076,-5277.407652083319,-871.5081879214609,-5946.834810194458,-4055.30590793934
27724.2426419385,-5360.119047733609,-198.0398225636752,-5786.407987059393,-4334.393193395356
27724.24380655752,-5385.29827667901,475.1228291903956,-5564.80159192299,-4566.124917802363
27724.24496694504,-5352.879569894834,1140.739158494615,-5284.618345868452,-4748.165068382978
27724.24612306496,-5263.421702470832,1791.697250053353,-4949.078486421197,-4878.732014559946
27724.24727491352,-5118.095191740333,2421.088227480313,-4561.978692700656,-4956.611546203323
27724.24842252517,-4918.661942483478,3022.282816506365,-4127.642153117442,-4981.164376178821
27724.2495659693,-4667.449077687159,3588.998069767084,-3650.866076583895,-4952.325751846894
27724.25070535396,-4367.315777799636,4115.362473961583,-3136.862358762904,-4870.598781736743
27724.25184081764,-4021.617756637959,4595.96939671319,-2591.200039530963,-4737.042130781165
27724.25297252302,-3634.168285706473,5025.9267460782,-2019.74548616222,-4553.253656643589
27724.25410065306,-3209.195215035147,5400.902620014702,-1428.599795803196,-4321.34946216302
27724.25522543775,-2751.281786542132,5717.173241312588,-824.0180909179634,-4043.930299897364
27724.25634714984,-2265.31373229272,5971.648855986799,-212.3436453441267,-3724.046197792697
27724.25746606311,-1756.443213342791,6161.887510744129,400.0355718909088,-3365.171100224886
27724.25858250179,-1230.012141448759,6286.123298779826,1006.77896530715,-2971.148606701694
27724.25969680948,-691.5092405453589,6343.267975638291,1601.63960673409,-2546.157076266845
27724.26080936336,-146.5071472218732,6332.91443011083,2178.532481312445,-2094.65886619298
27724.26192056009,399.3865163210112,6255.330712784073,2731.584362600978,-1621.358073747493
27724.26303081614,940.5837714436427,6111.450047264649,3255.188281974289,-1131.15230271423
27724.26414058745,1471.578671705798,5902.85005690596,3744.062289767861,-629.0746450976735
27724.26525032327,1986.975657868458,5631.737317364349,4193.273917592394,-120.2653030166261
27724.26636049526,2481.55242716372,5300.917362283492,4598.296053818832,390.0897518468973
27724.2674715733,2950.29523088836,4913.770034079523,4955.035413099209,896.795781870374
27724.26858404281,3388.450432051551,4474.210004935228,5259.872865895742,1394.704314713689
27724.26969837287,3791.552877369482,3986.660897056252,5509.684078235932,1878.744856142102
27724.27081501898,4155.468009724543,3456.01619426704,5701.869924575453,2343.972044827122
27724.27193440472,4476.425016984391,2887.606086249975,5834.37953809215,2785.60358260944
27724.27305695096,4751.062033674541,2287.137220639159,5905.736221216725,3199.07654516481
27724.27418301805,4976.444951900479,1660.673544764563,5915.050381367256,3580.06914094984
27724.27531297712,5150.115119667701,1014.545198759747,5862.036736685631,3924.568696328612
27724.27644710617,5270.098812650423,355.3507888699378,5747.025202386726,4228.879028416901
27724.27758566123,5334.948245284448,-310.1416889225231,5570.968042461133,4489.685388347156
27724.27872883629,5343.759379606335,-975.0351942757027,5335.44394383155,4704.081966075913
27724.27987678276,5296.192634829048,-1632.381416180936,5042.651397740789,4869.613432630574
27724.28102959098,5192.486929021585,-2275.239588820272,4695.401966695988,4984.305060142013
27724.28218729812,5033.469102475337,-2896.753133688414,4297.10207170065,5046.694566030482
27724.28334985051,4820.564360412825,-3490.204542074257,3851.743886420027,5055.858000238033
27724.28451716263,4555.786012121419,-4049.123347882184,3363.854631596249,5011.435063673218
27724.28568907892,4241.730972079339,-4567.341893240142,2838.471244498737,4913.642892665902
27724.28686540318,3881.55571653829,-5039.084049568934,2281.082100864485,4763.283952454773
27724.28804586142,3478.96236324426,-5459.022618710562,1697.591064301982,4561.752502391411
27724.28923012063,3038.163227864185,-5822.36023214024,1094.249964950626,4311.030587263022
27724.29041781614,2563.830501966278,-6124.903498203679,477.5777266599299,4013.669611508763
27724.29160856181,2061.042425204687,-6363.120371212197,-145.7180518265091,3672.76376099969
27724.2928019077,1535.246526506877,-6534.18142500403,-768.7953976803573,3291.932474146661
27724.29399736979,992.188209262716,-6636.012721491659,-1384.773441883168,2875.277883261026
27724.29519446117,437.8303441123554,-6667.330728464682,-1986.830858892388,2427.329209054114
27724.29639267498,-121.709354356952,-6627.66045106431,-2568.279175814974,1952.996581641582
27724.29759151555,-680.2454644350121,-6517.344576667327,-3122.658881593868,1457.50179737414
27724.29879045405,-1231.578379666672,-6337.545820497598,-3643.797221870452,946.3346867756545
27724.29998900051,-1769.602270120741,-6090.227654097233,-4125.916026794411,425.1577828206782
27724.30118666691,-2288.361080139531,-5778.132800129193,-4563.683362742489,-100.2468220346082
27724.30238299053,-2782.129829145194,-5404.744514358955,-4952.285805388964,-624.0568838523764
27724.30357752345,-3245.477593632011,-4974.245119496268,-5287.480190741514,-1140.475159236182
27724.3047698553,-3673.339660537463,-4491.455429765994,-5565.648109848507,-1643.808083357565
27724.30595960542,-4061.071383147493,-3961.775391885133,-5783.83136641179,-2128.528967845944
27724.30714643419,-4404.502996835097,-3391.111136718829,-5939.763465199014,-2589.346217700377
27724.30833003604,-4699.981371821437,-2785.804395931755,-6031.888064006687,-3021.260025722256
27724.3095101399,-4944.408007766984,-2152.555191861479,-6059.370957115656,-3419.618049456374
27724.31068652273,-5135.27174078064,-1498.333866609553,-6022.102515768947,-3780.17002099532
27724.31185900392,-5270.668539108461,-830.301059899956,-5920.689309493624,-4099.10921253557
27724.31302742756,-5349.314719050806,-155.7348135630964,-5756.441349059645,-4373.106244696942
27724.31419168009,-5370.557633210031,518.0623097253761,-5531.349298561644,-4599.34698443537
27724.31535170009,-5334.374209068583,1183.850948550942,-5248.050654688144,-4775.558776737972
27724.31650744906,-5241.36334521438,1834.517620830138,-4909.798600572582,-4900.023819311198
27724.31765893579,-5092.73165501598,2463.16525712471,-4520.413542891187,-4971.595635104724
27724.31880618362,-4890.276883830404,3063.168220307657,-4084.245235214268,-4989.70259873951
27724.31994927724,-4636.354621811308,3628.26600755508,-3606.102899539325,-4954.34958030625
27724.32108831837,-4333.852757069703,4152.602706627561,-3091.213539280517,-4866.109172764242
27724.32222342881,-3986.156629615008,4630.788550182186,-2545.16223173893,-4726.112029703711
27724.32335480179,-3597.090599036235,5057.972475375915,-1973.803263225498,-4536.021034779005
27724.3244826222,-3170.896465909598,5429.853264336691,-1383.233092981999,-4298.016950789044
27724.32560713331,-2712.1623421315,5742.743607077211,-779.6910984509976,-4014.759365205594
27724.32672857891,-2225.792249315311,5993.581914408238,-169.5229032627039,-3689.365166127847
27724.32784727268,-1716.923026463704,6179.973078074505,440.9230461009564,-3325.352281455709
27724.32896352557,-1190.899715433213,6300.186608892853,1045.320958830549,-2926.618644772537
27724.33007768296,-653.2037846406732,6353.174675588685,1637.450717901343,-2497.388205354744
27724.33119011807,-109.3995500890101,6338.571533730676,2211.254678393641,-2042.166222947563
27724.33230123858,434.9246749726562,6256.686746318259,2760.897798854527,-1565.688241709733
27724.33341146007,974.1978082271823,6108.494673740219,3280.8076341429,-1072.882487373578
27724.33452122713,1502.928933257743,5895.616480665797,3765.734698431623,-568.8119339128311
27724.3356309989,2015.750812911851,5620.298642579781,4210.790858895552,-58.63136352142601
27724.33674123947,2507.46399908273,5285.38930570772,4611.487577302351,452.4567488173006
27724.33785243093,2973.088851216033,4894.303909838683,4963.77863287448,959.2562388377025
27724.33896504885,3407.898366718122,4450.99822367261,5264.085133199223,1456.613070183484
27724.34007956552,3807.461633739737,3959.930996042811,5509.328026522894,1939.463172241738
27724.34119643423,4167.677935275173,3426.030928738022,5696.952246071183,2402.871197365019
27724.34231608641,4484.81467133874,2854.656114833655,5824.952155937912,2842.07477133481
27724.34343894452,4755.546401057925,2251.541057192315,5891.893632767868,3252.533500607559
27724.34456537671,4976.976905979211,1622.771304095833,5896.928205211985,3629.955379274945
27724.34569573785,5146.680906885417,974.7093486121327,5839.810237050351,3970.354513591878
27724.34683029501,5262.721603405467,313.9808655851523,5720.910511262442,4270.070192311857
27724.34796931232,5323.690291032267,-352.6335485327177,5541.218647638289,4525.833367844665
27724.34911297281,5328.720043912012,-1018.216723167794,5302.350904422981,4734.78391514223
27724.35026140399,5277.510229798174,-1675.796918141641,5006.546158680798,4894.516464859638
27724.35141470767,5170.337669173513,-2318.434844538237,4656.645831736793,5003.116664275743
27724.35257288692,5008.070399174356,-2939.255004625402,4256.097024312904,5059.182456649341
27724.35373591974,4792.165091656696,-3531.561622010433,3808.907217307012,5061.857775365052
27724.35490368037,4524.676115405698,-4088.873579296346,3319.641094769862,5010.850982306382
27724.35607602237,4208.230764506035,-4605.043621020634,2793.350435445734,4906.451070954934
27724.35725272195,3846.022792664966,-5074.305520764867,2235.549933522445,4749.536904771144
27724.35843352468,3441.774521040125,-5491.367332868373,1652.142661211528,4541.574467972019
27724.35961808619,2999.723505303474,-5851.4592499313,1049.388343227287,4284.620549804934
27724.36080604659,2524.557126482212,-6150.425657094522,433.7999813030119,3981.296676402584
27724.36199699103,2021.377927477527,-6384.769510219281,-187.9092862640546,3634.773918135025
27724.36319049962,1495.628213153253,-6551.713155442554,-808.9287203641197,3248.728834171475
27724.36438608479,953.056300093216,-6649.228903338305,-1422.397068425186,2827.324730452056
27724.36558327751,399.6129249525901,-6676.082586278793,-2021.528769510071,2375.138775715081
27724.36678155103,-158.5841045192964,-6631.848795822031,-2599.657104997331,1897.137150535657
27724.36798040946,-715.3632705063867,-6516.9233114948,-3150.359378551394,1398.584401465736
27724.36917934009,-1264.551458431229,-6332.519812580158,-3667.511115362154,884.9988915333506
27724.37037783672,-1800.059068740591,-6080.656716175322,-4145.371774987149,362.0777382332553
27724.37157542472,-2315.964105935763,-5764.126101055901,-4578.662807964603,-164.3829232939956
27724.37277162637,-2806.567389697912,-5386.466192783188,-4962.616271435578,-688.5425739416855
27724.37396601628,-3266.482904448647,-4951.900867549145,-5293.048773027053,-1204.610322928208
27724.37515816609,-3690.677755621796,-4465.303355300074,-5566.390632663084,-1706.889570249828
27724.37634771499,-4074.555696919761,-3932.108417031407,-5779.742559310032,-2189.874744101855
27724.37753430175,-4413.983728101452,-3358.271379280346,-5930.888891480382,-2648.286290389251
27724.37871763655,-4705.359093459991,-2750.162266134101,-6018.330079907474,-3077.159187450714
27724.37989746561,-4945.632704510734,-2114.502400500763,-6041.28434556816,-3471.882163533511
27724.38107354206,-5132.334784804863,-1458.300850759071,-5999.691654632014,-3828.2388099493
27724.38224569793,-5263.610510860298,-788.7325230387402,-5894.206970022577,-4142.474875178979
27724.38341378695,-5338.222699877602,-113.0856560956545,-5726.183852698498,-4411.316853161439
27724.38457770817,-5355.562474619615,561.3340829743174,-5497.650668496728,-4632.010484427326
27724.38573737591,-5315.64886712768,1227.268130693377,-5211.28651923463,-4802.34042738779
27724.38689277419,-5219.120877381481,1877.616098478976,-4870.372107377076,-4920.657851416487
27724.38804389542,-5067.224644388758,2505.477315005646,-4478.760869591194,-4985.882673373951
27724.38919079502,-4861.788129633509,3104.254014609117,-4040.81425003323,-4997.514202670091
27724.39033354265,-4605.199791891763,3667.692593411576,-3561.363909951619,-4955.626155204714
27724.39147224671,-4300.373527921423,4189.960212393747,-3045.646380580726,-4860.860986998968
27724.39260703817,-3950.715149122085,4665.694768652655,-2499.249109826002,-4714.41733647645
27724.39373810322,-3560.070139878773,5090.069604901879,-1928.031192950516,-4518.026314390372
27724.39486564323,-3132.689219059359,5458.820214135934,-1338.076975115031,-4273.931000486857
27724.3959898844,-2673.177470719697,5768.287640341506,-735.6260543566347,-3984.857292756409
27724.39711108678,-2186.438710220561,6015.451836429182,-127.0018934928688,-3653.977668485782
27724.39822956418,-1677.611300297357,6197.955912085051,481.4653314760791,-3284.864980063152
27724.39934562318,-1152.039872733927,6314.109415323714,1083.469983530771,-2881.469786124549
27724.40045962433,-615.1920313138385,6362.907506970052,1672.82660204425,-2448.056560219477
27724.40157194718,-72.61818178048578,6344.025335968593,2243.510551818073,-1989.168295965185
27724.40268298729,470.1018295523816,6257.814478144704,2789.713469934655,-1509.580695187239
27724.40379318069,1007.424608265063,6105.289108898591,3305.908295728885,-1014.242723586274
27724.40490296321,1533.875685747854,5888.11181558179,3786.878593974626,-508.2449398533272
27724.406012792,2044.11044047171,5608.570198687285,4227.774791978592,3.238768085695483
27724.40712314366,2532.961038303527,5269.548352651474,4624.153661454581,514.9993503870141
27724.40823448865,2995.470689171145,4874.503221686662,4972.006083010226,1021.828693265409
27724.40934729357,3426.939405909431,4427.431884862543,5267.793738049572,1518.568101296229
27724.41046203758,3822.971599199702,3932.826819280989,5508.483359993174,2000.161983240384
27724.41157917276,4179.50005842259,3395.65138439688,5691.563245675726,2461.685646865863
27724.41269913543,4492.828654426396,2821.293070314277,5815.071565373084,2898.39551095847
27724.41382232411,4759.662196001085,2215.528686626776,5877.615366613614,3305.764942556154
27724.41494911561,4977.145215433822,1584.466866075335,5878.390789825708,3679.534456305324
27724.41607984806,5142.888827964519,934.5039132925662,5817.195471665606,4015.747874417443
27724.41721480918,5254.998797797444,272.274494912032,5694.440349081117,4310.791056119662
27724.41835425195,5312.103657432514,-395.417354615794,5511.154327720239,4561.436644033178
27724.41949837563,5313.374585416517,-1061.650643170645,5268.986245081404,4764.87686213744
27724.42064728268,5258.547713025299,-1719.429572235689,4970.213172203757,4918.755220662133
27724.4218010714,5147.937293953583,-2361.807837664045,4617.708969932301,5021.215509470357
27724.42295973486,4982.448744925075,-2981.90413201384,4214.952481259932,5070.917619994024
27724.42412322733,4763.578404165102,-3573.015559684418,3765.985807338535,5067.071964771342
27724.42529143326,4493.413136281282,-4128.677275853059,3275.392083495154,5009.457413219239
27724.42646419431,4174.614097106677,-4642.752385041062,2748.245346971804,4898.435123869868
27724.42764128852,3810.402643579094,-5109.496804769969,2190.071846392038,4734.956544719038
27724.42882242964,3404.536571768027,-5523.633864484512,1606.797509676028,4520.566239712569
27724.43000729556,2961.267456969905,-5880.434796298383,1004.673157397984,4257.39063666312
27724.43119552773,2485.298031051027,-6175.780029537666,390.2067809072638,3948.120943768021
27724.43238669518,1981.748940291388,-6406.209189053649,-229.8900592187226,3596.000467726336
27724.43358036442,1456.075697194718,-6568.98858826785,-848.8152236431533,3204.77546331131
27724.43477606696,914.0201054640804,-6662.142562436252,-1459.739075897069,2778.663863589994
27724.43597332338,361.5339047390003,-6684.487253021943,-2055.898017830181,2322.301436020799
27724.43717161508,-195.2779280518409,-6635.650884972543,-2630.662164199601,1840.700283429761
27724.43837044298,-750.2567978342556,-6516.083633835504,-3177.644888747549,1339.168174498053
27724.43956931913,-1297.260379672119,-6327.049871425174,-3690.774289090893,823.2474213127311
27724.44076772922,-1830.219176704143,-6070.621123762648,-4164.350722703851,298.6651239897656
27724.44196519157,-2343.23639370277,-5749.64349457705,-4593.141117481205,-228.7606665570393
27724.44316125001,-2830.654125265194,-5367.699683609811,-4972.435460454087,-753.1882022386139
27724.44435545744,-3287.113141061658,-4929.068826139388,-5298.095679658945,-1268.814598163919
27724.44554740038,-3707.625393680795,-4438.665208068931,-5566.6103584447,-1769.955473494612
27724.44673671076,-4087.633626216653,-3901.96938886991,-5775.132956049581,-2251.116080525487
27724.44792304117,-4423.052798111926,-3324.969511257971,-5921.504404176759,-2707.044105033518
27724.44910610307,-4710.324778485538,-2714.069266303691,-6004.277661033496,-3132.803685707467
27724.45028563341,-4946.444118831396,-2076.025172652136,-6022.72219590789,-3523.816300521316
27724.45146139491,-5128.989594502239,-1417.866967535171,-5976.828458156247,-3875.911596774013
27724.45263320672,-5256.151317853754,-746.7974956936341,-5867.300162888057,-4185.380692324934
27724.45380094219,-5326.740413729492,-70.10916609072137,-5695.534076908531,-4449.009818738323
27724.45496448713,-5340.192071814596,604.8748758882602,-5463.601783448812,-4664.100926143277
27724.45612378395,-5296.568141321207,1270.907928722493,-5174.213328642744,-4828.506490341994
27724.45727880404,-5196.547518133304,1920.883200028205,-4830.683836488482,-4940.640846978388
27724.45842955106,-5041.412720628892,2547.912415781701,-4436.890552133023,-4999.492876255321
27724.45957609105,-4833.023333725661,3145.414135678397,-3997.212380990192,-5004.630555791815
27724.46071847521,-4573.801830566884,3707.140891906417,-3516.504921109379,-4956.197430123284
27724.46185682739,-4266.68607662315,4227.288132940434,-3000.010212340767,-4854.90573264353
27724.46299129383,-3915.099696616514,4700.524232856628,-2453.31429133115,-4702.020668623582
27724.46412204409,-3522.911523252132,5122.043146704707,-1882.284874251313,-4499.342321888495
27724.46524928915,-3094.383609374994,5487.615668060498,-1292.997386166417,-4249.177483499074
27724.46637325228,-2634.132334560039,5793.616534525707,-691.6837361832329,-3954.315167997212
27724.46749420736,-2147.061412610908,6037.066148292821,-84.64586800840902,-3617.982862760298
27724.46861245222,-1638.317592144842,6215.643428360571,521.7960125964803,-3243.813114438619
27724.46972832093,-1113.23008035772,6327.70272591706,1121.374009395619,-2835.797608038658
27724.47084217021,-577.2609146859097,6372.278611994076,1707.927034566962,-2398.246758065111
27724.47195436549,-35.95652293127928,6349.088247192603,2275.453160511073,-1935.749533550044
27724.47306532981,505.1311037169265,6258.524762194123,2818.191027736995,-1453.104965114873
27724.4741754751,1040.464757244731,6101.646346901245,3330.637461927392,-955.3015366101804
27724.47528525579,1564.600045658907,5880.155490848989,3807.622883327749,-447.4450369603201
27724.47639512796,2072.215675739781,5596.380462421294,4244.336724313444,65.27275287766724
27724.47750556708,2558.169684049947,5253.245429804381,4636.376318954217,577.6306505112984
27724.47861704868,3017.536060107481,4854.244129069196,4979.776223033677,1084.417104610633
27724.47973003693,3445.64424307609,4403.411228168669,5271.039753157247,1580.472348932481
27724.48084499992,3838.127013055414,3905.279513484638,5507.174293950098,2060.741894861137
27724.48196239526,4190.953500599457,3364.843981766249,5685.713288707309,2520.315417492543
27724.48308265723,4500.462261184734,2787.524663579845,5804.737838651682,2954.466075376837
27724.48420617406,4763.392210740101,2179.13320840034,5862.897397905786,3358.686895439285
27724.48533332579,4976.926551498817,1545.80339792155,5859.431153484932,3728.748929657781
27724.4864644347,5138.712451172066,893.9644447094713,5794.179193955615,4060.726125933483
27724.48759981001,5246.89735976394,230.2591626270735,5667.591305191417,4351.050757036501
27724.48873967434,5300.145729038718,-438.473764474131,5480.738262181754,4596.533084896078
27724.48988420595,5297.669573865304,-1105.28815558522,5235.312126263379,4794.413877843717
27724.4910335578,5239.243569186205,-1763.208980821313,4933.613638236491,4942.400951254273
27724.49218777456,5125.221822950461,-2405.255198216631,4578.561720434599,5038.690371152956
27724.49334686673,4956.545910393846,-3024.556542206664,4173.659481084755,5082.008442027337
27724.494510783,4734.747491667034,-3614.41295507884,3722.975347984567,5071.631903504228
27724.49567942271,4461.941729812879,-4168.377065818601,3231.106032621527,5007.407251856574
27724.49685260684,4140.822966490352,-4680.316763350367,2703.149151453518,4889.765977031176
27724.4980300874,3774.647322641105,-5144.498331559882,2144.654461995312,4719.734903164579
27724.4992115856,3367.194864830012,-5555.675611715945,1561.551178298606,4498.931053354288
27724.50039677975,2922.736793053404,-5909.151367209998,960.0907576000413,4229.552389091989
27724.50158528364,2446.002477335271,-6200.835319570713,346.7907473048839,3914.367395651202
27724.50277667176,1942.122441142785,-6427.311722117819,-271.6504165983421,3556.687182394561
27724.50397050565,1416.560955861279,-6585.892615654777,-888.4444413438346,3160.32448154583
27724.50516631658,875.0612743583048,-6674.652451767866,-1496.783974340279,2729.557703417775
27724.5063636275,323.569893854016,-6692.459932057907,-2089.934687947159,2269.076413726655
27724.50756192757,-231.821434654972,-6638.996852413246,-2661.303750493182,1783.93787448619
27724.50876070928,-784.965106483746,-6514.768448913265,-3204.538613156794,1279.494478702453
27724.50995948673,-1329.739729325482,-6321.094717167745,-3713.611069320918,761.3216512543327
27724.51115775176,-1860.103521137342,-6060.101393358999,-4182.870692261926,235.1698400786972
27724.51235503831,-2370.195619213036,-5734.683798023198,-4607.139368596016,-293.1321113354174
27724.51355088783,-2854.389783753844,-5348.475557766997,-4981.756966132843,-817.7319349314712
27724.51474484527,-3307.360283324226,-4905.807588116927,-5302.636421105578,-1332.82213015263
27724.51593652149,-3724.167577596351,-4411.630681176181,-5566.326654682598,-1832.735779384978
27724.51712553889,-4100.292331361212,-3871.470837181601,-5770.032440215749,-2311.988922528609
27724.51831157065,-4431.698756458193,-3291.344419417812,-5911.65086629049,-2765.35972643269
27724.51949430099,-4714.865743739432,-2677.702415806827,-5989.78412785177,-3187.93173797757
27724.52067347837,-4946.837349398727,-2037.325692905722,-6003.755097273877,-3575.168129249947
27724.52184887736,-5125.240607188353,-1377.262249305211,-5953.603418017115,-3922.945775061194
27724.52302032294,-5248.311178287922,-704.7310619723849,-5840.077801177705,-4227.605918402316
27724.52418767183,-5314.903322593651,-27.04865356760138,-5664.619914104256,-4485.984786417564
27724.52535081527,-5324.497378208458,648.4556360588488,-5429.341522688626,-4695.445454774599
27724.52650971839,-5277.196681153378,1314.544333500824,-5136.983160855768,-4853.906706446201
27724.52766433261,-5173.720195038772,1964.10052111898,-4790.895862759565,-4959.845592636728
27724.5288146872,-5015.384722052535,2590.256693806361,-4394.975422362852,-5012.321006391798
27724.52996082602,-4804.086466948203,3186.430853885034,-3953.629682339913,-5010.969040360379
27724.53110282268,-4542.274435782113,3746.403675339037,-3471.722222197582,-4956.003645591609
27724.53224079186,-4232.914864599707,4264.386857873151,-2954.509715561176,-4848.207037516079
27724.53337489594,-3879.449240812562,4735.080905485363,-2407.576322511477,-4688.911489887448
27724.53450530465,-3485.763836845243,5153.707702782851,-1836.789487679423,-4479.983343280551
27724.53563222433,-3056.136079995566,5516.068116200664,-1248.222015743363,-4223.794806527052
27724.53675589403,-2595.185517041109,5818.576211947657,-648.0875337191948,-3923.192645007074
27724.53787659088,-2107.818883434005,6058.288703707278,-42.67141966714064,-3581.460411109908
27724.53899460976,-1599.18467373868,6232.92158391173,561.7235050853915,-3202.284870434711
27724.54011027767,-1074.612145096719,6340.868568971432,1158.8484969174,-2789.709732231157
27724.54122394752,-539.5582225518522,6381.206873347832,1742.567402760711,-2348.092263048037
27724.54233600323,0.4506095441281559,6353.697203975664,2306.918405751909,-1882.053889988667
27724.54344685246,539.8696526749131,6258.776212542307,2846.165838255504,-1396.434256385195
27724.54455692402,1073.188130014234,6097.544041319629,3354.851054499015,-896.2431144812886
27724.54566667213,1594.982855044801,5871.744871031952,3827.842393212459,-386.6088074145846
27724.54677656699,2099.963011119086,5583.744159787655,4260.37448587257,127.2667193077127
27724.54788706606,2583.004874639742,5236.510300260084,4648.0784741494,640.1430832261669
27724.5489986411,3039.210303467874,4833.578257252327,4987.030963065005,1146.802157115876
27724.55011178974,3463.952908260816,4379.006958318615,5273.787609155275,1642.100180377072
27724.55122696643,3852.891375133756,3877.368105962797,5505.393178170191,2120.982677920744
27724.5523446128,4202.023034799316,3333.697207646691,5679.420695121707,2578.544743291038
27724.55346516366,4507.722354626524,2753.445841668781,5793.995010689957,3010.078161150222
27724.55458900201,4766.763783371973,2142.457679118339,5847.808348283924,3411.098199884229
27724.55571651549,4976.369487380552,1506.888629963686,5840.142051912052,3777.408092482378
27724.5568480214,5134.222951820528,853.1938846978696,5770.876305537923,4105.11470008074
27724.55798379621,5238.506682955279,188.0556064264281,5640.503953466607,4390.682218140143
27724.55912408222,5287.927181575878,-481.6822558584902,5450.133372677288,4630.972948062539
27724.56026904335,5281.734856907395,-1149.052555546865,5201.495616701169,4823.275880727291
27724.5614188263,5219.743633097974,-1807.068490525267,4896.927678155889,4965.354234008078
27724.56257348334,5102.344891586124,-2448.749675859743,4539.377832330281,5055.465225117766
27724.56373302018,4930.51611175684,-3067.223949714322,4132.377881600696,5092.397737587898
27724.56489737426,4705.82479679804,-3655.791097146772,3680.024206177653,5075.494685899173
27724.56606642516,4430.423305285681,-4208.005729914292,3186.942205740617,5004.673294802638
27724.56723999545,4107.036815239586,-4717.754426694954,2658.245529603838,4880.437814244293
27724.56841785466,3738.942976681516,-5179.332765932962,2099.48651794265,4703.885106399081
27724.56959970149,3329.951467495175,-5587.51223490861,1516.610221103268,4476.707127322657
27724.57078521476,2884.352669953049,-5937.628021072127,915.8680239458789,4201.173287218058
27724.57197399714,2406.895268582601,-6225.623747440075,303.7776438964723,3880.124643803074
27724.57316564503,1902.710898563016,-6448.128944768903,-312.9850313381803,3516.932699616964
27724.57435970047,1377.277026428796,-6602.494921759411,-927.6383611094417,3115.478386136269
27724.57555568122,836.3436385793817,-6686.842926626917,-1533.390299995552,2680.103857104796
27724.57675308908,285.8627561062667,-6700.094111150831,-2123.524136023787,2215.561269048699
27724.57795143872,-268.0952295529705,-6641.985990089677,-2691.493341155474,1726.946320231323
27724.57915023588,-819.4038243934982,-6513.076284693589,-3230.989093583165,1219.646238414068
27724.58034895415,-1361.943059234248,-6314.745355737399,-3736.007667798791,699.2870198326041
27724.58154711652,-1889.710329875467,-6049.170615298896,-4200.958933566659,171.6313275728817
27724.58274424617,-2396.869432132913,-5719.303933833559,-4620.71022314421,-357.4701451423671
27724.58393988648,-2877.828841784263,-5328.831872917114,-4990.655073662335,-882.1572934186504
27724.58513362161,-3327.314956906445,-4882.120931973189,-5306.771187665854,-1396.63937132009
27724.58632503534,-3740.416934838361,-4384.176961397034,-5565.653327207546,-1895.245411708692
27724.58751376129,-4112.661614852163,-3840.564305874058,-5764.563616476698,-2372.512150188589
27724.58869947106,-4440.056739071596,-3257.338769007555,-5901.453151556136,-2823.240883072229
27724.58988186849,-4719.131351468218,-2640.975528273542,-5974.978789028495,-3242.553411452906
27724.59106068339,-4946.970780204438,-1998.29448959487,-5984.513256818071,-3625.944125133706
27724.59223571582,-5121.252771441691,-1336.354185653747,-5930.145109160653,-3969.342327173335
27724.59340678,-5240.25611922064,-662.3987460667352,-5812.668666018533,-4269.135485900299
27724.59457373521,-5302.880118544043,16.24259513027687,-5633.568284162429,-4522.215674317391
27724.59573647973,-5308.648556640973,692.2357720845475,-5394.993521100152,-4726.006864227526
27724.5968949718,-5257.706184386975,1358.33586616928,-5099.721352716901,-4878.489824045339
27724.59804918072,-5150.810057387073,2007.437935984575,-4751.128565643493,-4978.209929775751
27724.59919911554,-4989.315418804529,2632.67024472561,-4353.143008080374,-5024.292773568982
27724.60034484415,-4775.148753640357,3227.4760325561,-3910.185358962592,-5016.445431965248
27724.60148643519,-4510.789256958765,3785.64997524456,-3427.136250542993,-4954.951562861886
27724.6026240147,-4199.226062918368,4301.430218723965,-2909.257514756932,-4840.662134293576
27724.60375774279,-3843.922641290391,4769.541044651292,-2362.138924712536,-4674.977718104636
27724.60488778713,-3448.783779890454,5185.232720690212,-1791.648708929632,-4459.832134539347
27724.60601437392,-3018.092928439764,5544.34514454529,-1203.843952385407,-4197.657753974759
27724.60713773874,-2556.479172595366,5843.325009558401,-604.9293208686856,-3891.362391970843
27724.60825815654,-2068.854599193152,6079.265380627274,-1.17620271279111,-3544.287475219367
27724.60937592348,-1560.36760412338,6249.921926305799,601.132751138237,-3160.172917147699
27724.61049137965,-1036.337565078845,6353.730411083216,1195.779351670886,-2743.10640992717
27724.61160486824,-502.2181483067871,6389.808335300125,1776.649419058753,-2297.492473252097
27724.61271677886,36.47829212021494,6357.95912563747,2337.814614086124,-1827.988984983076
27724.61382752495,574.2248111978778,6258.661353115949,2873.575361525344,-1339.466183571211
27724.61493753781,1105.529941421993,6093.056498689808,3378.509596965006,-836.9601134026907
27724.61604725869,1624.985466792281,5862.933008734361,3847.517733052573,-325.626912380264
27724.61715715664,2127.324371990269,5570.6995742083,4275.874546605793,189.3147814974577
27724.61826770714,2607.457772019593,5219.360600015121,4659.259513567442,702.6228424086748
27724.61937938627,3060.517623739928,4812.487490884117,4993.791779127523,1209.076850613814
27724.62049266437,3481.897441642663,4354.187088914312,5276.061977703994,1703.522427600042
27724.62160802319,3867.299153629257,3849.056066838755,5503.165504622712,2180.924941702846
27724.62272590073,4212.752016519281,3302.164225924115,5672.716536421792,2636.390866728721
27724.62384672008,4514.661917633605,2719.000043036033,5782.88070771305,3065.226173402148
27724.62497087095,4769.841332284117,2105.432542083883,5832.393127693066,3462.973400352372
27724.62609872919,4975.546665029226,1467.650054368453,5820.575895394844,3825.461795512323
27724.62723060007,5129.498004538947,812.1380301136476,5747.351035949791,4148.830984420616
27724.6283667823,5229.918778703553,145.5854827501764,5613.248803305882,4429.592522203302
27724.62950749103,5275.550731748759,-525.131600356937,5419.417567257447,4664.647815371204
27724.63065289132,5265.683024174496,-1193.034390775876,5167.624309571905,4851.337860695647
27724.63180310351,5200.168953663911,-1851.113025069425,4860.246422615649,4987.478766597888
27724.63295819691,5079.437196055319,-2492.39387878756,4500.259327029297,5071.391238610303
27724.63411815877,4904.503388526798,-3109.996396803357,4091.228232072837,5101.927288680899
27724.63528293351,4676.968564076846,-3697.231045016279,3637.271073048098,5078.497672325901
27724.63645237952,4399.021817339742,-4247.654256171792,3143.041490285698,5001.090364765681
27724.63762633882,4073.41315076235,-4755.179123852252,2613.659986382207,4870.279743940287
27724.6388045703,3703.448471041371,-5214.118153978789,2054.693177437604,4687.234880272214
27724.63998675874,3292.964575197366,-5619.265048659867,1472.097686952667,4453.722054109846
27724.64117257847,2846.27264240597,-5965.986748117286,872.1268738438631,4172.083241772304
27724.64236164221,2368.131931436037,-6250.266898191052,261.2872178649724,3845.226271563132
27724.64355352916,1863.690712193259,-6468.772209852148,-353.7483773859624,3476.593549303416
27724.64474779612,1338.425058679107,-6618.901508199566,-966.2232929900771,3070.123860758586
27724.64594394828,798.0901885149264,-6698.821861154433,-1569.361894295761,2630.221125596573
27724.64714149508,248.6294740716037,-6707.504979580937,-2156.479308481107,2161.686911163642
27724.64833993209,-303.888063567263,-6644.740902494347,-2721.052721836276,1669.670701687522
27724.64953876039,-853.3489200964621,-6511.14347971379,-3256.809543062755,1159.601748949755
27724.65073747258,-1393.661999573536,-6308.146142138782,-3757.796886524625,637.130300461366
27724.65193558841,-1918.847731739389,-6037.980361938618,-4218.468427862113,108.0446988677663
27724.6531326297,-2423.098133071234,-5703.651542549329,-4633.739450615779,-421.787375628458
27724.65432812158,-2900.847441471707,-5308.90466731501,-4999.049435942909,-946.4897327656799
27724.65552166027,-3346.864324916121,-4858.153805457694,-5310.434542579224,-1460.277546169212
27724.65671285704,-3756.287539558657,-4356.440521550256,-5564.550420390566,-1957.500319498852
27724.65790133268,-4124.680753315267,-3809.376564629846,-5758.709725736145,-2432.705876069931
27724.65908676147,-4448.096418249783,-3223.05549888528,-5890.918056012159,-2880.721154919846
27724.66026885936,-4723.111602233422,-2603.980677177129,-5959.885988655023,-3296.704195079004
27724.66144737599,-4946.860080806796,-1958.990160651553,-5965.036052820669,-3676.193796325208
27724.6626220811,-5117.058694863573,-1295.183386805202,-5906.504246706201,-4015.153747018514
27724.66379280459,-5232.034433659418,-619.8153779827121,-5785.130628748059,-4310.027098367502
27724.66495940507,-5290.730886860469,59.77014508308912,-5602.442026157722,-4557.761411527139
27724.66612180098,-5292.714748014984,736.24212182168,-5360.622376422779,-4755.844045317421
27724.66727991802,-5238.171908041129,1402.333363935372,-5062.49009927815,-4902.313926452539
27724.6684337424,-5127.899059658818,2050.951028308887,-4711.44933873115,-4995.78664790857
27724.66958330502,-4963.284565453494,2675.242657472689,-4311.445827939808,-5035.457418650542
27724.67072865462,-4746.289860060464,3268.653093348256,-3866.926619803065,-5021.101800985843
27724.67186987089,-4479.421853327422,3824.999967507173,-3382.783564997947,-4953.074078181055
27724.67300707189,-4165.697680296342,4338.539519618149,-2864.292152682262,-4832.296204369297
27724.67414042109,-3808.602623516994,4804.024446712386,-2317.045976124534,-4660.23853705532
27724.67527011861,-3412.048115698029,5216.747305040495,-1746.896497766898,-4438.896411499051
27724.67639637257,-2980.336126842072,5572.573031546092,-1159.903525039806,-4170.769016197849
27724.67751943926,-2518.096049583971,5867.989556062899,-562.2499462645534,-3858.819824683354
27724.67863958576,-2030.246956091472,6100.124381570326,39.80430290192487,-3506.448938766491
27724.67975710774,-1521.937527159648,6266.772724091401,639.9961624292741,-3117.449541179353
27724.68087235771,-998.4773012540195,6366.412695488203,1232.137921923805,-2695.9530799729
27724.68198569158,-465.3055618392793,6398.20269232615,1810.149286027481,-2246.401638963143
27724.68309748694,72.07138023651137,6361.986381062844,2368.125760430178,-1773.495286106436
27724.68420815142,608.1387586410406,6258.285294450512,2900.398167910294,-1282.139361866137
27724.6853181141,1137.422361111541,6088.284762820081,3401.579602131997,-777.3980342785194
27724.68642782036,1654.537383050666,5853.8158144842,3866.610764242033,-264.4467950815601
27724.68753774227,2154.242361800219,5557.328378469784,4290.807566153998,251.4819579352202
27724.68864835694,2631.475672640524,5201.866966468044,4669.891098264085,765.1376297877523
27724.68976013502,3081.395815849005,4791.044318842844,5000.020893362835,1271.294002948946
27724.69087355813,3499.431494686574,4329.000750907872,5277.833445792865,1764.804388430905
27724.69198908423,3881.308578580809,3820.37933957911,5500.461875323995,2240.632303107014
27724.69310716665,4223.096502264935,3270.277775908834,5665.567842067202,2693.905631153664
27724.69422822829,4521.236428449371,2684.216087556942,5771.359800332913,3119.950496426723
27724.69535266938,4772.579156175772,2068.086198440706,5816.615070133656,3514.338773120423
27724.69648085003,4974.413834799792,1428.110775925253,5800.695485422008,3872.924990123057
27724.69761308948,5124.499662575362,770.790178314176,5723.56193211703,4191.889235136709
27724.69874966076,5221.093784593251,102.8479534675373,5585.784329654,4467.777192404565
27724.69989077956,5262.97651025501,-568.8239982480197,5388.548647296649,4697.537955909292
27724.70103660769,5249.474704445894,-1237.23279526479,5133.657473116559,4878.563869035795
27724.70218725508,5180.479291809312,-1895.354704748683,4823.523341313416,5008.726065996406
27724.70334277832,5056.457175751064,-2536.2060103737,4461.155866430568,5086.405388898226
27724.70450316432,4878.460378597261,-3152.908228049669,4050.1479658771,5110.519258141832
27724.70566834136,4648.127284885521,-3738.771051674077,3594.647320407049,5080.546816312524
27724.70683820225,4367.671057055872,-4287.379986796266,3099.312529570399,4996.544325074299
27724.70801254403,4039.880704900257,-4792.643989254884,2569.297109574473,4859.159932658198
27724.70919111547,3668.092823857077,-5248.896217199523,2010.183229834578,4669.638401641877
27724.71037362219,3256.160774101151,-5650.967690666055,1427.922490084806,4429.815786103734
27724.71155972667,2808.418091573993,-5994.254376302324,828.7729456768311,4142.107202274714
27724.71274903807,2329.63969870422,-6274.777305490317,219.2363117617347,3809.490660650516
27724.71394115778,1824.973813716294,-6489.249063658006,-394.0382423616181,3435.46739878996
27724.71513559579,1299.920964003218,-6635.1060742626,-1004.287944525739,3024.053003679741
27724.71633188854,760.2225054855139,-6710.569530154511,-1604.776702668841,2579.69860844986
27724.71752954159,211.8177312049523,-6714.660996389955,-2188.846210369442,2107.258229951142
27724.71872804922,-339.2344586570912,-6647.222720726924,-2750.006388212923,1611.926831200657
27724.71992690525,-886.8327996546285,-6508.922930520763,-3282.019266174811,1099.174971141249
27724.72112561589,-1424.912643437923,-6301.247349980036,-3778.979753895801,574.6779618824576
27724.72232368466,-1947.511857203801,-6026.484046406505,-4235.380114541239,44.25438158480165
27724.72352062451,-2448.848132019585,-5687.695467688655,-4646.181953815172,-486.2089718388834
27724.72471600677,-2923.407525569717,-5288.664109935577,-5006.890666510918,-1010.849431448364
27724.72590939087,-3365.979514849857,-4833.864029530433,-5313.582352866229,-1523.86718943
27724.72710038749,-3771.742570848167,-4328.384810002372,-5562.967320783739,-2019.621344870492
27724.7282886338,-4136.308002653332,-3777.874743960999,-5752.416170370489,-2492.684384840871
27724.72947381523,-4455.774416641822,-3188.460404005999,-5879.988677204366,-2937.912620911598
27724.73065563423,-4726.759701238623,-2566.686041032995,-5944.445934572913,-3350.491514303393
27724.73183384685,-4946.445112987562,-1919.41631775897,-5945.26218522106,-3726.001978392194
27724.73300823297,-5112.595016724361,-1253.769550765211,-5882.621763043245,-4060.456880295917
27724.73417862183,-5223.58125806689,-577.0201072647121,-5757.409883376363,-4350.350383348997
27724.73534489842,-5278.39252453175,103.4900611473497,-5571.190781529591,-4592.691675177258
27724.73650696487,-5276.635449093316,780.4121178845203,-5326.18706389196,-4785.023584787975
27724.73766477186,-5218.53447700478,1446.490026743689,-5025.243750909776,-4925.451280977997
27724.73881827556,-5104.924701455129,2094.615440820054,-4671.800951308101,-5012.652039016088
27724.73996751459,-4937.229808720773,2717.947630364798,-4269.82737024319,-5045.890716352569
27724.74111253819,-4717.443899413892,3309.944148941136,-3823.790002089988,-5025.012999311151
27724.74225343227,-4448.101846714501,3864.44302749615,-3338.593148879851,-4950.443450567975
27724.74339031554,-4132.245925683462,4375.722427602329,-2819.521581118435,-4823.173840806656
27724.74452335626,-3773.381433771109,4838.562895090187,-2272.171078931553,-4644.742653256438
27724.74565273864,-3375.442998475201,5248.281089493677,-1702.400572624635,-4417.215645258368
27724.74677868748,-2942.740823714023,5600.782566539981,-1116.256139032478,-4143.154446116486
27724.74790146109,-2479.912523076268,5892.592620781264,-519.9088142268395,-3825.583674536456
27724.74902133077,-1991.880023772045,6120.879205474062,80.39936032527794,-3467.960144822599
27724.75013861637,-1483.781030657683,6283.481961099301,678.4385022136109,-3074.121735184442
27724.7512536575,-960.9262854926887,6378.917539100639,1268.038142433107,-2648.251787947079
27724.75236680773,-428.7480047186601,6406.387527090669,1843.144782075172,-2194.836574753254
27724.75347846891,107.271311421824,6365.778637572825,2397.89751937405,-1718.603499841153
27724.75458905942,641.6377317501015,6257.651772015766,2926.66533631398,-1224.484119015372
27724.75569899543,1168.889309356378,6083.233627211883,3424.090143735992,-717.5739057961173
27724.75680872936,1683.665692992613,5844.394568248952,3885.152722443953,-203.0653584672323
27724.75791871453,2180.740528800922,5543.629361007156,4305.200169754695,313.7858402830252
27724.75902943639,2655.082296930955,5184.020987356133,4679.997479059803,827.7241623468758
27724.76014135009,3101.871715680084,4769.227155820444,5005.741132560496,1333.513448702923
27724.76125493484,3516.568011442624,4303.428548759972,5279.110869556779,1826.009424633778
27724.76237065967,3894.934093313605,3791.300468981467,5497.286203334499,2300.189906797042
27724.76348896358,4233.069051693367,3237.98185523554,5657.969774099322,2751.192114905974
27724.76461028455,4527.454224944772,2649.017421098217,5759.415474790832,3174.369412994784
27724.76573500154,4774.97169941392,2030.339757989,5800.441633595885,3565.312746507436
27724.76686348869,4972.951622385629,1388.190481781597,5780.452940006355,3919.914435849392
27724.76799605508,5119.189331084151,729.0988109284526,5699.450911570285,4234.38941608704
27724.76913298332,5211.981042208534,59.80225543561642,5558.043318198808,4505.329053574085
27724.7702744659,5250.1435296773,-612.7779202488271,5357.456243849825,4729.72546759236
27724.77142068463,5233.042039020293,-1281.64896434001,5099.523447693292,4905.027942062784
27724.77257174667,5160.602722787533,-1939.777876063734,4786.688342050315,5029.162831709366
27724.77372768545,5033.329343268291,-2580.164671801074,4421.995440195029,5100.569109956094
27724.77488849033,4852.308499338893,-3195.934293569253,4009.062943060646,5118.229221735258
27724.77605407791,4619.213404579004,-3780.397345280567,3552.064969180111,5081.689792689056
27724.77722431758,4336.294237708496,-4327.141137685647,3055.68867079947,4991.079255810801
27724.77839901436,4006.368056830786,-4830.097810918268,2525.099112235684,4847.118555842424
27724.77957792255,3632.795328957386,-5283.626437103641,1965.884934542639,4651.124160830575
27724.78076074034,3219.453291913787,-5682.583431406583,1384.004857152001,4405.004965817045
27724.78194711958,2770.697365348571,-6022.395044226108,785.7207538527268,4111.249363770658
27724.78313666225,2291.319463429335,-6299.119745856112,177.5310713489007,3772.906717433271
27724.78432896821,1786.478054477301,-6509.513762828925,-433.9268721475063,3393.545118907667
27724.78552356332,1261.671086501203,-6651.062727950872,-1041.916919292812,2977.236775062347
27724.78671997903,722.6409803005447,-6722.035374176377,-1639.724131271221,2528.490534895215
27724.78791771653,175.3230552589775,-6721.504293685277,-2220.716917985149,2052.212808477552
27724.7891162736,-374.2363011185163,-6649.364796138892,-2778.440609923113,1553.641598570116
27724.79031513642,-919.9481767228827,-6506.340040749794,-3306.69199930895,1038.288164772273
27724.79151380773,-1455.767075060195,-6293.97194359578,-3799.607256455722,511.8594896937411
27724.79271180051,-1975.760406545639,-6014.601855572293,-4251.728714775819,-19.80787088975239
27724.79390865883,-2474.187893370775,-5671.335683627281,-4658.076612385563,-550.8269959097515
27724.79510390623,-2945.548208376736,-5268.020062488857,-5014.189999558926,-1075.308181804113
27724.7962971218,-3384.67547865119,-4809.172975281826,-5316.204288836617,-1587.462843780611
27724.79748791325,-3786.786388388864,-4299.931577356562,-5560.88251463725,-2081.65956381704
27724.79867591761,-4147.534278421752,-3745.987479016062,-5745.649538712415,-2552.489788023918
27724.79986083088,-4463.064562590024,-3153.501089361517,-5868.620166696724,-2994.840602929371
27724.80104235359,-4730.039368339299,-2529.051738001108,-5928.607401187644,-3403.930596254376
27724.80222024967,-4945.687107413237,-1879.52913481439,-5925.13617850453,-3775.384019574942
27724.80339431559,-5107.819488739116,-1212.0660772455,-5858.437308955878,-4105.264927352344
27724.80456437638,-5214.851118578076,-533.9577221518516,-5729.439365071628,-4390.117361770376
27724.80573032264,-5265.813787763953,147.443898918996,-5539.746080988354,-4627.007893186032
27724.80689204773,-5260.355579875223,824.7767521476351,-5291.618617824793,-4813.538360959677
27724.80804950316,-5198.741773625626,1490.782825392974,-4987.935716659704,-4947.87913088893
27724.80920267453,-5081.84260709411,2138.373277276566,-4632.157399863572,-5028.777073494512
27724.81035158028,-4911.117270127212,2760.703618862137,-4228.281087001615,-5055.563064426176
27724.81149627805,-4688.590170105478,3351.248813815371,-3780.789545471649,-5028.152696698447
27724.81263685518,-4416.82360518351,3903.864993978511,-3294.599823111912,-4947.040051005224
27724.81377343628,-4098.882274306686,4412.854685881171,-2775.002265606091,-4813.285303737661
27724.81490617932,-3738.294807344598,4873.019787365647,-2227.600758805606,-4628.49624151977
27724.81603527378,-3339.011131994006,5279.709377078864,-1658.250405072724,-4394.804647780955
27724.81716093572,-2905.357670092959,5628.8601297245,-1072.99554489117,-4114.838669892401
27724.81828344024,-2441.974267044535,5917.039549057563,-477.9873822910489,-3791.67999706814
27724.81940306755,-1953.782823499856,6141.455779628202,120.5527772894759,-3428.839237111542
27724.82052011467,-1445.93113655126,6299.985404039964,716.4030376830889,-3030.214694228592
27724.82163493998,-923.7175856160493,6391.191769857935,1303.427369784065,-2600.031709309143
27724.82274791297,-392.5584342462939,6414.320367376715,1875.608618679628,-2142.812690848664
27724.82385943423,142.0754768538026,6369.300179356394,2427.11614194447,-1663.322076417391
27724.82496992066,674.7051605763274,6256.735398781222,2952.352087131066,-1166.52327854246
27724.82607979943,1199.892845804349,6077.894257031379,3445.999748884587,-657.5322281436415
27724.82718953381,1712.304820968292,5834.685771448528,3903.08192092837,-141.555715610174
27724.82829957227,2206.736336860023,5529.6451459692,4318.982061633576,376.1347208373218
27724.82941039584,2678.180105645682,5165.895705954473,4689.503358260506,890.2736036841034
27724.83052246667,3121.847898159671,4747.130691527203,5010.885096388602,1395.625786185906
27724.83163624498,3533.221532563783,4277.574936703296,5279.843045798246,1887.042062823771
27724.83275221135,3908.100074484345,3761.934536912659,5493.601535007168,2359.514853676614
27724.83387080033,4242.613838608166,3205.383659956617,5649.903553876489,2808.194442496532
27724.8349924115,4533.268708855427,2613.518933032617,5747.041459427517,3228.440819412523
27724.8361174544,4776.992082953263,1992.287107994243,5783.879863824363,3615.884443927943
27724.83724627557,4971.145804355118,1347.971728586598,5759.86455506119,3966.441576616298
27724.83837920039,5113.566696607635,687.1163118066252,5675.03804553536,4276.37155256038
27724.83951649689,5202.587524916266,16.48655370907863,5530.048284847892,4542.305977405856
27724.8406583662,5237.064176288474,-656.9855254492411,5326.157526358795,4761.28841690143
27724.84180498104,5216.399095961871,-1326.290210534513,5065.235521213118,4930.819984725254
27724.84295644442,5140.555768660846,-1984.384951330151,4749.758841982512,5048.884803878184
27724.84411277754,5010.075576632133,-2624.260705888089,4382.805062649011,5113.983554410025
27724.8452739694,4826.080718037949,-3239.045381163782,3968.018904780381,5125.165194033189
27724.84643994628,4590.275311444426,-3822.062483347708,3509.592459048523,5082.044511654932
27724.84761057261,4304.939813120664,-4366.909065601668,3012.231426998298,4984.819210687505
27724.84878563663,3972.922804372621,-4867.527496352299,2481.120786579945,4834.282932852965
27724.84996487717,3597.61473275913,-5318.294981570949,1921.864975656695,4631.827424502909
27724.85114800493,3182.910555127696,-5714.102334062545,1340.420145929299,4379.431936779631
27724.8523346596,2733.18724270182,-6050.405776161297,743.051827426214,4079.658060107943
27724.85352445971,2253.243098637133,-6323.306178063025,136.2422780769003,3735.618763197281
27724.85471695711,1748.26490600768,-6529.592668467829,-473.3599008163193,3350.961800577527
27724.85591171245,1223.740205851251,-6666.805425731336,-1079.055224096519,2929.810389925691
27724.85710824412,685.4157479211855,-6733.261089793263,-1674.14642584355,2476.733841000083
27724.85830604968,139.2222686550508,-6728.085245398874,-2252.029819406244,1996.690634545204
27724.85950464895,-408.8152869525032,-6651.226291372978,-2806.295458977213,1494.953503407009
27724.86070351652,-952.6189085220095,-6503.461454102315,-3330.772872612229,977.0749029943186
27724.86190214809,-1486.160805118809,-6286.388837329059,-3819.637767563277,448.7940957567985
27724.86310007405,-2003.541337149325,-6002.400780603238,-4267.485157231586,-84.03880369594435
27724.86429681048,-2499.037765409041,-5654.663780600238,-4669.373855439927,-615.5113938749953
27724.86549191,-2967.194330232184,-5247.06839130705,-5020.904131987785,-1139.742186041775
27724.86668494872,-3402.879987558256,-4784.181610117609,-5318.261930810378,-1650.944778534219
27724.86787553192,-3801.349555620294,-4271.187172367503,-5558.262401224942,-2143.498411259292
27724.8690633039,-4158.299996444563,-3713.815584982218,-5738.384613393808,-2612.017129999505
27724.8702479561,-4469.918220128793,-3118.267413684576,-5856.794879249134,-3051.413406354543
27724.87142919078,-4732.911352517178,-2491.155124331947,-5912.358084422949,-3456.941206490151
27724.87260678471,-4944.555139104087,-1839.390351033947,-5904.648822449259,-3824.270184415894
27724.87378052832,-5102.704637813978,-1170.132907508871,-5833.944526551619,-4149.509576272538
27724.87495025742,-5205.81990961947,-490.6903776786401,-5701.216910979348,-4429.259019400135
27724.87611583757,-5252.97488979747,191.5574023822405,-5508.114445174879,-4660.637664747825
27724.87727720924,-5243.861378886766,869.2683060859049,-5256.927383511837,-4841.318580801812
27724.87843430999,-5178.782550495944,1535.173844958821,-4950.568063901652,-4969.533320007649
27724.87958712091,-5058.646032852213,2182.1856910693,-4592.525604439865,-5044.095746547634
27724.88073568696,-4884.941424138031,2803.482088090432,-4186.811259004263,-5064.406563653389
27724.88188005142,-4659.724859674634,3392.542702143033,-3737.929636707479,-5030.449656990374
27724.88302029766,-4385.587156304378,3943.239627241031,-3250.812491404635,-4942.78961134091
27724.88415656919,-4065.611822336716,4449.906462892772,-2730.749578834781,-4802.554180347862
27724.88528901299,-3703.349863607998,4907.365959161545,-2183.352105398619,-4611.419952710276
27724.88641782757,-3302.763986041706,5311.000590458961,-1614.468411987437,-4371.583032337651
27724.88754322623,-2868.193074386252,5656.778909727585,-1030.136933756718,-4085.735196620044
27724.8886654713,-2404.290116233484,5941.30165977879,-436.5039462450848,-3757.02217141234
27724.88978485104,-1915.978001940702,6161.819538178325,160.229617521417,-3389.009694851607
27724.89090167574,-1408.398240596289,6316.252956725784,753.8695755421347,-2985.64387309226
27724.89201629593,-886.848258474214,6403.206766596755,1338.30022616033,-2551.200059308108
27724.89312908389,-356.7347418711492,6421.971344170556,1907.534192235574,-2090.242011808326
27724.89424045985,176.4929884334713,6372.519719701029,2455.782045904471,-1607.562360360576
27724.89535082002,707.3617210883327,6255.501534017074,2977.469992027743,-1108.164268093024
27724.89646062077,1230.466548996516,6072.225997641265,3467.331581399842,-597.1754147891238
27724.89757031778,1740.491896150988,5824.64523856682,3920.424040378896,-79.82465088633899
27724.89868037955,2232.266254859952,5515.330398180135,4332.177792684975,438.6130302239335
27724.89979127558,2700.803256352282,5147.446762751622,4698.431136202395,952.859786004102
27724.90090348568,3141.349858058559,4724.718957955578,5015.468936054679,1457.687250997823
27724.90201745126,3549.409808469059,4251.414832528797,5280.041736132225,1947.941941076144
27724.90313364804,3920.812154504093,3732.278049964793,5489.41441459342,2418.624517395318
27724.90425251097,4251.720625505653,3172.516207038919,5641.371864055002,2864.901637491859
27724.90537444481,4538.676518806502,2577.754211702173,5734.247859463753,3282.156916054976
27724.90649984306,4778.638081718071,1953.975878497041,5766.946018681833,3666.042060804501
27724.9076290452,4969.002470814959,1307.495093041426,5738.952798714283,4012.50447874727
27724.90876237423,5107.643545378332,644.8799574081197,5650.350568071093,4317.841824376017
27724.90990007953,5192.93049340468,-27.07313917988222,5501.828105309925,4578.725845990402
27724.9110423733,5223.758756914263,-701.4229090359843,5294.683711237419,4792.252940154481
27724.91218939507,5199.569201918552,-1371.128883964426,5030.829253028668,4955.973917976361
27724.91334128143,5120.36262472884,-2029.161552529634,4712.766353723916,5067.937440729445
27724.91449804054,4986.716234165549,-2668.502133147384,4343.603936262408,5126.704682714952
27724.91565966374,4799.785534656994,-3282.282356460686,3927.010490078426,5131.389783561808
27724.91682604309,4561.31342913273,-3863.816228765187,3467.212422323877,5081.676798503003
27724.91799705115,4273.610735960275,-4406.719742383091,2968.930813557475,4977.835706328876
27724.91917248334,3939.55198361556,-4904.957841588275,2437.360260865684,4820.73176869998
27724.92035209435,3562.545912169169,-5352.936963146844,1878.104689863378,4611.825139359965
27724.92153555602,3146.520027611377,-5745.561565279642,1297.140890995456,4353.172895673308
27724.92272251288,2695.867116985997,-6078.324729875312,700.7295947102199,4047.40688957944
27724.92391256852,2215.404330236696,-6347.363318247493,95.35249290258025,3697.712864005647
27724.92510530359,1710.314707401968,-6549.515818880314,-512.3703112085225,3307.794792930143
27724.92630024236,1186.104334195894,-6682.362850208755,-1115.74009739152,2881.848194301117
27724.92749691161,648.5150142700965,-6744.273841193747,-1708.088703809899,2424.495863492302
27724.92869482141,103.4651165330175,-6734.427247009446,-2282.848396171506,1940.741134790876
27724.92989346412,-443.0195770653233,-6652.82672035925,-2833.630902725223,1435.911175965453
27724.93109233272,-984.8861160219088,-6500.305189457537,-3354.31391495618,915.5871292929214
27724.93229093133,-1516.131794305068,-6278.514485642549,-3839.119446425732,385.5327395497329
27724.93348877886,-2030.877535257607,-5989.90369492191,-4282.68391052564,-148.3765952322674
27724.93468541562,-2523.440431897339,-5637.686213204188,-4680.123289502638,-680.2271621937484
27724.93588037608,-2988.390134096545,-5225.80853981982,-5027.081786011178,-1204.125553615482
27724.9370732516,-3420.637698706789,-4758.881097375391,-5319.801428960123,-1714.296421658694
27724.9382636418,-3815.474489097197,-4242.135074060566,-5555.147936332796,-2205.128981782184
27724.9394511886,-4168.637977639627,-3681.344410347102,-5730.652745015782,-2671.256874073028
27724.94063559306,-4476.360733471849,-3082.743183497591,-5844.535576850304,-3107.624447310561
27724.94181656943,-4735.395939855815,-2452.970714577739,-5895.711959265735,-3509.524693456687
27724.94299387894,-4943.05975251511,-1798.975388292969,-5883.803959089069,-3872.663408286184
27724.94416731672,-5097.252970438904,-1127.938389858676,-5809.13605281417,-4193.199597476457
27724.94533671944,-5196.480141994189,-447.1853494188133,-5672.723992611281,-4467.786929838703
27724.94650196075,-5239.859013504247,235.8956430370667,-5476.255699623439,-4693.60489308453
27724.94766297023,-5227.123054132317,913.9487257177636,-5222.060313597174,-4868.387297821659
27724.94881971023,-5158.614769684163,1579.718006130293,-4913.077047437338,-4990.43522014836
27724.94997216435,-5035.277225514687,2226.119790253779,-4552.820557288675,-5058.62957019862
27724.9511203605,-4858.635997441018,2846.331512916191,-4145.330240369248,-5072.439747492446
27724.95226435986,-4630.775880261257,3433.856558187628,-3695.122538534597,-5031.921011542837
27724.95340425933,-4354.311170792666,3982.591771267587,-3207.135478570216,-4937.706870919531
27724.95454020117,-4032.347741283522,4486.891817896501,-2686.665630753505,-4790.993303769873
27724.9556723302,-3668.456071090555,4941.604606423968,-2139.326966356104,-4593.524705425158
27724.9568008458,-3266.613799514451,5342.143085364808,-1570.964483133865,-4347.562791786791
27724.95792597031,-2831.167494863785,5684.512085479359,-987.6041720462773,-4055.860144082068
27724.9590479596,-2366.779515607277,5965.346388459802,-395.3831910294241,-3721.623595577675
27724.96016710181,-1878.376016610285,6181.935968579974,199.5141917062296,-3348.475075865461
27724.96128371112,-1371.095930034815,6332.243360959052,790.9168245247912,-2940.411123751062
27724.96239814276,-850.2295693785687,6414.916507556734,1372.736299803031,-2501.751936355828
27724.96351077509,-321.1719663424558,6429.289153152187,1939.016536179222,-2037.100022111785
27724.96462200943,210.6307970183584,6375.379097882482,2483.990030086118,-1551.292035582825
27724.96573226515,739.7323065931697,6253.880261506004,3002.128783462974,-1049.351503525356
27724.96684198995,1260.742442683186,6066.146885441311,3488.198710245988,-536.4341413217485
27724.96795165003,1768.372375763008,5814.173108223221,3937.300066064311,-17.78218516337756
27724.96906171976,2257.477475632684,5500.570532262954,4344.904953420442,501.3199932528023
27724.97017266589,2723.096643786982,5128.545879070442,4706.891065241777,1015.587093866975
27724.97128495503,3160.500499517365,4701.868722728741,5019.581302849738,1519.78466642484
27724.9723990758,3565.241126694628,4224.825409860778,5279.780154187659,2008.786057383322
27724.97351547692,3933.167871243938,3702.204550329137,5484.785255859349,2477.590652784656
27724.97463458873,4260.47577641631,3139.249309034057,5632.421805857813,2921.380120997112
27724.97575682511,4543.7423117622,2541.610801493211,5721.064953592981,3335.563980960012
27724.97688256608,4779.956639485014,1915.308262368439,5749.656677360224,3715.816706253276
27724.97801215062,4966.551366932098,1266.681722227291,5717.722645690365,4058.119075342859
27724.97914588949,5101.434694274936,602.3291083216616,5625.383981470028,4358.804113043875
27724.98028402702,5183.012570397698,-70.9307322107145,5473.367617350765,4614.587095853131
27724.98142675811,5210.217494216012,-746.1307689543983,5263.011032054062,4822.611186977772
27724.98257425164,5182.527533087432,-1416.236479794817,4996.253799123672,4980.486538532585
27724.98372658689,5099.981855628273,-2074.178323016203,4675.642527143096,5086.313151327565
27724.98488379343,4963.194130420528,-2712.948676902706,4304.310703668439,5138.71937549396
27724.98604584854,4773.356664063984,-3325.675402815839,3885.957007837097,5136.885797185942
27724.98721266484,4532.24127182994,-3905.691898209443,3424.821409047211,5080.565242139323
27724.98838408768,4242.194090845281,-4446.61432939103,2925.652307070579,4970.099326164468
27724.98955990571,3906.119831277644,-4942.424969622516,2393.660318728276,4806.427254341895
27724.9907398779,3527.450872305248,-5387.557595873871,1834.455274775065,4591.08168133772
27724.99192366342,3110.139965014254,-5776.942884412816,1254.022427737044,4326.194630284564
27724.99311091662,2658.593332292443,-6106.112754819827,658.6145872715663,4014.466458182848
27724.99430124324,2177.639107440541,-6371.243426333382,54.70344634925743,3659.149508799993
27724.99549418903,1672.482533443856,-6569.210711516584,-551.0874569529146,3264.023301546666
27724.99668932209,1148.614027501774,-6697.65015592389,-1152.101467900947,2833.32911197182
27724.99788614015,611.7856764667547,-6754.977030627686,-1741.680752166101,2371.754420076749
27724.99908415807,67.90674982333476,-6740.423253380339,-2313.29009833311,1884.349957161913
27725.00004669423,-369.8669031912608,-6676.71316336274,-2754.979326576893,1477.887882453829
